{
  "version": 1,
  "author": "MADHAN KUMAR. S",
  "editor": "wokwi",
  "parts": [
    {
      "type": "wokwi-arduino-mega",
      "id": "mega",
      "top": -4.48,
      "left": 8.6,
      "rotate": 90,
      "attrs": {}
    },
    {
      "type": "wokwi-membrane-keypad",
      "id": "keypad1",
      "top": -107.6,
      "left": 418.4,
      "attrs": {
        "keys": [ "1", "2", "3", "+", "4", "5", "6", "-", "7", "8", "9", "x", "CL", "0", "=", "/" ]
      }
    },
    { "type": "wokwi-lcd1602", "id": "lcd1", "top": -68.13, "left": -231.83, "attrs": {} },
    {
      "type": "wokwi-resistor",
      "id": "r1",
      "top": 271.79,
      "left": 339.68,
      "attrs": { "value": "1000" }
    },
    {
      "type": "wokwi-resistor",
      "id": "r2",
      "top": 297.39,
      "left": 338.61,
      "attrs": { "value": "1000" }
    },
    {
      "type": "wokwi-resistor",
      "id": "r3",
      "top": 321.94,
      "left": 338.61,
      "attrs": { "value": "1000" }
    },
    {
      "type": "wokwi-resistor",
      "id": "r4",
      "top": 346.48,
      "left": 339.68,
      "attrs": { "value": "1000" }
    }
  ],
  "connections": [
    [ "mega:GND.3", "lcd1:RW", "black", [ "h0" ] ],
    [ "mega:GND.3", "lcd1:VSS", "black", [ "h-316.54", "v-21.43" ] ],
    [ "mega:GND.3", "lcd1:K", "black", [ "h0" ] ],
    [ "mega:5V", "lcd1:A", "red", [ "h-16.4", "v11.31", "h-165.57", "v1.63" ] ],
    [ "mega:5V", "lcd1:VDD", "red", [ "h-16.4", "v11.31", "h-291.98" ] ],
    [ "mega:5V", "lcd1:V0", "red", [ "h-16.4", "v11.31", "h-282.2" ] ],
    [ "lcd1:E", "mega:A8", "gold", [ "v0" ] ],
    [ "lcd1:RS", "mega:A9", "gold", [ "v0" ] ],
    [ "lcd1:D0", "mega:A0", "green", [ "v0" ] ],
    [ "lcd1:D1", "mega:A1", "green", [ "v0" ] ],
    [ "lcd1:D2", "mega:A2", "green", [ "v0" ] ],
    [ "lcd1:D3", "mega:A3", "green", [ "v0" ] ],
    [ "lcd1:D4", "mega:A4", "green", [ "v0" ] ],
    [ "lcd1:D5", "mega:A5", "green", [ "v0" ] ],
    [ "lcd1:D6", "mega:A6", "green", [ "v0" ] ],
    [ "lcd1:D7", "mega:A7", "green", [ "v0" ] ],
    [ "mega:20", "keypad1:R2", "green", [ "h184.55", "v17.94", "h31.4" ] ],
    [ "mega:19", "keypad1:R3", "green", [ "h174.08", "v1.27", "h0", "v34.89", "h52.34" ] ],
    [ "mega:18", "keypad1:R4", "green", [ "h163.61", "v55.75", "h72.4" ] ],
    [ "mega:21", "keypad1:R1", "green", [ "h0" ] ],
    [ "keypad1:C1", "r1:2", "green", [ "v0" ] ],
    [ "keypad1:C2", "r2:2", "green", [ "v0" ] ],
    [ "keypad1:C3", "r3:2", "green", [ "v0" ] ],
    [ "keypad1:C4", "r4:2", "green", [ "v0" ] ],
    [ "r2:1", "r1:1", "black", [ "v0" ] ],
    [ "r2:1", "r3:1", "black", [ "v0" ] ],
    [ "r3:1", "r4:1", "black", [ "v0" ] ],
    [ "mega:GND.1", "r1:1", "black", [ "h0" ] ],
    [ "mega:25", "r4:2", "green", [ "h0.81", "v103.2", "h128.06" ] ],
    [
      "r3:2",
      "mega:24",
      "green",
      [ "v10.85", "h19.68", "v45.89", "h-152.6", "v-135.38", "h9.86" ]
    ],
    [ "r2:2", "mega:23", "green", [ "v11.92", "h30.35", "v76.84", "h1.07" ] ],
    [
      "r1:2",
      "mega:22",
      "green",
      [ "v10.84", "h39.95", "v109.92", "h-138.73", "v-147.27", "h-14.94", "v2.13" ]
    ]
  ],
  "dependencies": {}
}